distance_type,p_value
normalized_ranks,0.004152158827832861
topology_only,0.012055533601971551
normalized_scores,0.012351620253042785
