distance_type,p_value
normalized_scores,1.162750042701909e-10
normalized_ranks,3.3425588137951535e-14
topology_only,9.090906562230147e-32
