distance_type,p_value
topology_only,0.07094269282031017
normalized_ranks,0.22068120223649063
normalized_scores,0.11953534704901758
