distance_type,p_value
topology_only,0.021539031493145084
normalized_ranks,0.0790027697224196
normalized_scores,0.03580154974121543
