distance_type,p_value
normalized_scores,0.2130760305858193
normalized_ranks,0.21260732293614798
topology_only,0.19238727584832305
