distance_type,p_value
normalized_scores,0.4481396048011323
topology_only,0.3865923490921899
normalized_ranks,0.48913324004143727
