distance_type,p_value
topology_only,0.15762920898366428
normalized_ranks,0.07839861967999477
normalized_scores,0.13854736375707927
