distance_type,p_value
normalized_scores,0.4860548107216673
normalized_ranks,0.5560464316036422
topology_only,0.4141360886042922
