distance_type,p_value
normalized_scores,5.617090580577975e-11
normalized_ranks,4.19994527797453e-11
topology_only,8.318462223957723e-08
