distance_type,p_value
normalized_scores,0.14346243554928706
normalized_ranks,0.3108842187465386
topology_only,0.07861707861660047
