distance_type,p_value
normalized_ranks,0.006035027410657928
topology_only,0.011570701863988217
normalized_scores,0.014628596783360225
