distance_type,p_value
normalized_scores,0.0019754811156878554
normalized_ranks,0.0017022507298540298
topology_only,0.000247849881544921
