distance_type,p_value
topology_only,0.017272164849434706
normalized_ranks,2.3800410082786355e-05
normalized_scores,0.007700826808400872
