distance_type,p_value
normalized_scores,7.103984160183503e-18
topology_only,7.073893113302404e-07
normalized_ranks,2.0746424765961472e-13
