distance_type,p_value
normalized_scores,0.4912695233184275
normalized_ranks,0.5501851193840939
topology_only,0.43604401813187776
