distance_type,p_value
normalized_ranks,0.061729119864596324
normalized_scores,0.07117023129623197
topology_only,0.06772489187907586
