distance_type,p_value
normalized_ranks,0.00048089840726612507
topology_only,0.0001330491948606749
normalized_scores,0.0002739424428828069
