distance_type,p_value
normalized_ranks,0.19361153853467944
topology_only,0.0554185517673696
normalized_scores,0.051175576379352425
