distance_type,p_value
topology_only,0.1757383656547612
normalized_ranks,0.1165525941231752
normalized_scores,0.16590821214466184
