distance_type,p_value
normalized_scores,6.985795717082559e-15
normalized_ranks,3.9788602548980644e-11
topology_only,6.652845564322661e-09
