distance_type,p_value
topology_only,0.02757655595092257
normalized_ranks,0.0032897200280682425
normalized_scores,0.0174943629788076
