distance_type,p_value
topology_only,9.112845974754387e-16
normalized_ranks,1.7645011304533834e-10
normalized_scores,4.878848586739297e-07
