distance_type,p_value
normalized_scores,0.09681553935798981
normalized_ranks,0.2178334550029004
topology_only,0.06266224320933106
